1,,,しれとこだけ,知床岳,,,1254,441409,1451626,""
2,,,いおうざん,硫黄山,,,1562,440800,1450941,""
3,,,ちえんべつだけ,知円別岳,,,1544,440729,1451007,""
4,,,さしるいだけ,サシルイ岳,,,1564,440543,1450837,""
5,,,らうすだけ,羅臼岳,,,1661,440433,1450720,"Ｈ26三角点標高改定"
6,,,おんねべつだけ,遠音別岳,,,1330,435936,1450048,"Ｈ20三角点標高改定"
7,,,うなべつだけ,海別岳,,,1419,435237,1445236,""
8,,,しゃりだけ,斜里岳,,,1547,434556,1444304,""
9,,,しべつだけ,標津岳,,,1061,434005,1444218,""
10,,,もことやま,藻琴山,,,1000,434216,1441952,""
11,,,あとさぬぷり,アトサヌプリ,いおうざん,硫黄山,508,433637,1442619,"Ｈ13地形図改測に伴う標高改定"
12,,,かむいぬぷり,カムイヌプリ,ましゅうだけ,摩周岳,857,433420,1443339,""
13,,,おあかんだけ,雄阿寒岳,,,1370,432715,1440953,""
14,,,めあかんだけ,雌阿寒岳,,,1499,432311,1440031,""
15,めあかんだけ,雌阿寒岳,あかんふじ,阿寒富士,,,1476,432227,1440023,""
16,,,うこたきぬぷり,ウコタキヌプリ,,,747,431230,1434751,""
17,,,れぶんだけ,礼文岳,,,490,452221,1410057,""
18,,,りしりざん,利尻山,りしりふじ,利尻富士,1721,451043,1411431,""
19,,,ぽろしりやま,幌尻山,,,427,450956,1420031,""
20,,,ぱんけざん,パンケ山,,,632,445125,1420859,""
21,,,ぽろぬぷりざん,ポロヌプリ山,,,841,445742,1422513,""
22,,,びんねしりだけ,敏音知岳,,,703,445335,1421404,""
23,,,はこだけ,函岳,,,1129,443957,1422444,""
24,,,ぴやしりやま,ピヤシリ山,,,987,442601,1423503,""
25,,,うつだけ,欝岳,,,818,441730,1430457,""
26,,,うぇんしりだけ,ウェンシリ岳,,,1142,441344,1425235,""
27,,,しょこつだけ,渚滑岳,,,1345,440225,1425503,""
28,,,てしおだけ,天塩岳,,,1558,435752,1425317,""
29,,,ちとかにうしやま,チトカニウシ山,,,1446,435424,1430255,""
30,,,にころやま,仁頃山,,,829,435242,1434306,""
31,,,にせいかうしゅっぺやま,ニセイカウシュッペ山,,,1883,434648,1425907,"ニセイカウシュペ山"
32,,,むりいだけ,武利岳,,,1876,434359,1431035,""
33,,,むかやま,武華山,,,1759,434221,1430938,""
34,,,きたみふじ,北見富士,,,1291,434137,1431745,""
35,たいせつざん,大雪山,あさひだけ,旭岳,,,2291,433949,1425115,"Ｈ20三角点標高改定"
36,たいせつざん,大雪山,くろだけ,黒岳,,,1984,434151,1425513,""
37,たいせつざん,大雪山,ほくちんだけ,北鎮岳,,,2244,434134,1425247,""
38,たいせつざん,大雪山,あいべつだけ,愛別岳,,,2113,434228,1425126,"Ｈ20三角点標高改定"
39,たいせつざん,大雪山,はくうんだけ,白雲岳,,,2230,433940,1425421,""
40,,,ちゅうべつだけ,忠別岳,,,1963,433528,1425340,""
41,,,とむらうしやま,トムラウシ山,,,2141,433138,1425056,""
42,,,おぷたてしけやま,オプタテシケ山,,,2013,432813,1424506,"Ｈ26三角点標高改定"
43,,,びえいだけ,美瑛岳,,,2052,432624,1424224,""
44,,,とかちだけ,十勝岳,,,2077,432504,1424111,""
45,,,かみほろかめっとくやま,上ホロカメットク山,,,1920,432418,1424018,""
46,,,ふらのだけ,富良野岳,,,1912,432337,1423806,""
47,,,みくにやま,三国山,,,1541,433543,1430847,""
48,,,いしかりだけ,石狩岳,,,1967,433248,1430120,""
49,,,おとふけやま,音更山,,,1932,433342,1430207,""
50,,,にぺそつやま,ニペソツ山,,,2013,432721,1430156,""
51,,,うぺぺさんけやま,ウペペサンケ山,,,1848,432322,1430455,""
52,,,ひがしぬぷかうしぬぷり,東ヌプカウシヌプリ,,,1252,431445,1430608,""
53,,,さほろだけ,佐幌岳,,,1060,431024,1424652,"Ｈ20三角点標高改定"
54,,,にしくまねしりだけ,西クマネシリ岳,,,1635,433109,1431400,""
55,,,ひがしみくにやま,東三国山,,,1230,433030,1432749,""
56,,,きとうしやま,喜登牛山,,,1312,432652,1432723,""
57,,,ぴっしりざん,ピッシリ山,,,1032,442120,1420155,""
58,,,さんとうさん,三頭山,,,1009,440530,1420509,""
59,,,ぽろしりやま,ポロシリ山,,,730,435745,1415010,"Ｈ20三角点標高改定"
60,,,しょかんべつだけ,暑寒別岳,,,1492,434257,1413123,"Ｈ20三角点標高改定"
61,,,くんべつだけ,群別岳,,,1376,434105,1412916,"山名（よみ）訂正"
62,,,ぴんねしり,ピンネシリ,,,1100,432931,1414224,""
63,,,いるむけっぷやま,イルムケップ山,,,864,433745,1420637,"Ｈ20三角点標高改定"
64,,,ふらのにしだけ,富良野西岳,,,1331,431833,1421842,""
65,,,あしべつだけ,芦別岳,,,1726,431409,1421701,""
66,,,いくしゅんべつだけ,幾春別岳,,,1068,431337,1420934,""
67,,,ゆうばりだけ,夕張岳,,,1668,430559,1421504,""
68,,,はったおまないだけ,ハッタオマナイ岳,,,1021,425049,1421847,""
69,,,とまむさん,トマム山,,,1239,430443,1423546,""
70,,,めむろだけ,芽室岳,,,1754,425208,1424707,""
71,,,つるぎやま,剣山,,,1205,425055,1425306,""
72,,,ちろろだけ,チロロ岳,,,1880,424932,1424031,""
73,,,ぴぱいろだけ,ピパイロ岳,,,1916,424623,1424339,"Ｈ26三角点標高改定"
74,,,とったべつだけ,戸蔦別岳,,,1959,424419,1424142,""
75,,,ぽろしりだけ,幌尻岳,,,2052,424310,1424058,"Ｈ26三角点標高改定"
76,,,えさおまんとったべつだけ,エサオマントッタベツ岳,,,1902,424121,1424528,""
77,,,さつないだけ,札内岳,,,1895,424138,1424748,"Ｈ26三角点標高改定"
78,,,とかちぽろしりだけ,十勝幌尻岳,,,1846,424144,1425134,"十勝ポロシリ岳"
79,,,いどんなっぷだけ,イドンナップ岳,,,1752,423749,1423855,""
80,,,かむいえくうちかうしやま,カムイエクウチカウシ山,,,1979,423730,1424559,"Ｈ26三角点標高改定"
81,,,いっぱさんきゅうほう,１８３９峰,,,1842,423222,1424829,""
82,,,ぺてがりだけ,ペテガリ岳,,,1736,422958,1425216,""
83,,,なかのだけ,中ノ岳,,,1519,422805,1425304,""
84,,,かむいだけ,神威岳,,,1600,422542,1425425,""
85,,,ぴりかぬぷり,ピリカヌプリ,,,1631,422408,1425800,""
86,,,らっこだけ,楽古岳,,,1471,421621,1430640,"Ｈ20三角点標高改定"
87,,,とよにだけ,豊似岳,,,1105,420437,1431359,""
88,,,あぽいだけ,アポイ岳,,,810,420628,1430132,"Ｈ20三角点標高改定"
89,,,もいわやま,藻岩山,,,531,430121,1411920,""
90,,,ていねやま,手稲山,,,1023,430436,1411133,"Ｈ20三角点標高改定"
91,,,よいちだけ,余市岳,,,1488,430158,1410111,""
92,,,ぽんくとさん,本倶登山,,,1009,425719,1405445,""
93,,,むいねやま,無意根山,,,1464,425551,1410226,""
94,,,さっぽろだけ,札幌岳,,,1293,425401,1411202,""
95,,,そらぬまだけ,空沼岳,,,1251,425154,1411513,""
96,,,えにわだけ,恵庭岳,,,1320,424736,1411707,""
97,,,ふっぷしだけ,風不死岳,,,1102,424301,1412132,"Ｈ20三角点標高改定"
98,,,たるまえさん,樽前山,,,1041,424126,1412236,""
99,,,ほろほろやま,ホロホロ山,,,1322,423801,1410833,""
100,,,よべつだけ,余別岳,,,1298,431536,1402733,""
101,,,てんぐだけ,天狗岳,,,872,431105,1403939,""
102,,,らいでんやま,雷電山,,,1211,425413,1402811,"Ｈ20三角点標高改定"
103,,,めくんないだけ,目国内岳,,,1220,425359,1403055,""
104,,,にせこあんぬぷり,ニセコアンヌプリ,,,1308,425230,1403932,""
105,,,ようていざん,羊蹄山,えぞふじ,蝦夷富士,1898,424936,1404841,"後方羊蹄山（しりべしやま）　マッカリヌプリ"
106,,,しりべつだけ,尻別岳,,,1107,424621,1405437,""
107,,,ぬっきべつやま,貫気別山,,,994,424236,1405522,"Ｈ20三角点標高改定"
108,,,こんぶだけ,昆布岳,,,1045,424237,1403920,""
109,,,しょうわしんざん,昭和新山,,,398,423233,1405152,""
110,うすざん,有珠山,おおうす,大有珠,,,733,423238,1405021,""
111,,,ほろづきやま,母衣月山,,,504,424612,1401254,"Ｈ20三角点標高改定"
112,,,おおびらやま,大平山,,,1191,423809,1400808,""
113,,,かりばやま,狩場山,,,1520,423648,1395626,""
114,,,けなしやま,毛無山,,,816,421743,1394838,""
115,,,ゆうらっぷだけ,遊楽部岳,けんいちだけ,見市岳,1277,421309,1400038,""
116,,,おとべだけ,乙部岳,,,1017,420222,1401629,""
117,こまがたけ,駒ヶ岳,けんがみね,剣ヶ峯,,,1131,420348,1404038,""
118,,,よこつだけ,横津岳,,,1167,415616,1404617,""
119,,,えさん,恵山,,,618,414817,1410958,""
120,,,はこだてやま,函館山,,,334,414532,1404215,""
121,,,はちまんだけ,八幡岳,,,665,415107,1401348,"Ｈ20三角点標高改定"
122,,,かつらだけ,桂岳,,,734,414721,1402752,""
123,,,ななつだけ,七ッ岳,,,957,413727,1401251,""
124,,,だいせんげんだけ,大千軒岳,,,1072,413446,1400939,""
125,,,いわべだけ,岩部岳,,,794,413138,1401839,""
126,,,かむいやま,神威山,,,584,420937,1392634,""
127,,,えらだけ,江良岳,,,732,413036,1392202,""
128,,,ひうちだけ,燧岳,,,781,412621,1410311,""
129,,,かまふせやま,釜臥山,,,878,411643,1410712,"Ｈ22三角点標高改定"
130,,,くわはたやま,桑畑山,,,400,412315,1412627,""
131,,,ふっこしえぼし,吹越烏帽子,,,508,410215,1411902,""
132,,,まるやがただけ,丸屋形岳,,,718,410910,1403512,""
133,,,よつだきやま,四ッ滝山,,,670,410718,1402402,""
134,,,ぼんじゅさん,梵珠山,,,468,404759,1403432,""
135,,,はしかみだけ,階上岳,たねいちだけ,種市岳,739,402403,1413504,"Ｈ22三角点標高改定"
136,,,なくいだけ,名久井岳,,,615,402317,1411830,""
137,,,おりつめだけ,折爪岳,,,852,401608,1412228,""
138,,,あっかもり,安家森,,,1239,400217,1413228,""
139,,,とおしまやま,遠島山,,,1262,400114,1413839,"Ｈ22三角点標高改定"
140,,,みすごだけ,三巣子岳,,,1181,395400,1412908,"Ｈ26三角点標高改定"
141,,,ひめかみさん,姫神山,,,1124,395039,1411449,""
142,,,さかいのかみだけ,堺ノ神岳,,,1319,394501,1413735,""
143,,,がいたかもり,害鷹森,,,1304,394242,1413616,""
144,,,あおまつばやま,青松葉山,,,1365,394151,1412901,"Ｈ23三角点標高改定"
145,,,とうげのかみやま,峠ノ神山,,,1229,394337,1414652,"Ｈ22三角点標高改定"
146,,,はやちねさん,早池峰山,,,1917,393331,1412919,""
147,,,やくしだけ,薬師岳,,,1645,393148,1412945,""
148,,,じゅうにしんざん,十二神山,,,731,393219,1415830,""
149,,,ろっこうしさん,六角牛山,,,1293,391906,1413901,"Ｈ23三角点標高改定"
150,,,ごようざん,五葉山,,,1351,391219,1414356,""
151,,,ものみやま,物見山,,,870,391204,1412406,"Ｈ22三角点標高改定"
152,,,ひかみさん,氷上山,,,874,390332,1413938,"Ｈ22三角点標高改定"
153,,,むろねさん,室根山,,,895,385831,1412650,""
154,,,とくせんじょうやま,徳仙丈山,,,710,385054,1412812,"Ｈ23三角点標高改定"
155,,,きんかさん,金華山,,,444,381743,1413400,"Ｈ23三角点標高改定"
156,はっこうださん,八甲田山,おおだけ,大岳,,,1585,403932,1405238,"Ｈ22三角点標高改定"
157,はっこうださん,八甲田山,たかだおおだけ,高田大岳,,,1559,403911,1405426,"R2写真測量による標高改定"
158,,,くしがみね,櫛ヶ峯,かみだけ,上岳,1517,403611,1405033,"Ｈ22三角点標高改定"
159,へらいだけ,戸来岳,みつだけ,三ッ岳,,,1159,402711,1410005,"Ｈ26三角点標高改定"
160,,,しろじやま,白地山,,,1034,402650,1404717,""
161,,,なかだけ,中岳,,,1024,401446,1405640,"ちゅうだけ"
162,,,いなにわだけ,稲庭岳,,,1078,401155,1410246,""
163,,,ごのみやだけ,五ノ宮嶽,,,1115,400845,1405045,""
164,,,ななしぐれやま,七時雨山,,,1063,400409,1410620,""
165,,,もりよしざん,森吉山,,,1454,395836,1403239,""
166,,,やけやま,焼山,,,1366,395750,1404525,""
167,,,はちまんたい,八幡平,,,1613,395728,1405115,"Ｈ23三角点標高改定"
168,はちまんたい,八幡平,ちゃうすだけ,茶臼岳,,,1578,395703,1405356,""
169,はちまんたい,八幡平,もっこだけ,畚岳,,,1578,395609,1405102,""
170,,,おおふかだけ,大深岳,,,1541,395252,1405247,"Ｈ23三角点標高改定"
171,,,いわてさん,岩手山,,,2038,395109,1410004,""
172,,,えぼしだけ,烏帽子岳,にゅうとうざん,乳頭山,1478,394818,1405019,""
173,こまがたけ,駒ヶ岳,おなめだけ,男女岳,,,1637,394540,1404758,""
174,,,いわきさん,岩木山,,,1625,403921,1401811,""
175,,,むかいしらかみだけ,向白神岳,,,1250,403126,1400244,""
176,,,しらかみだけ,白神岳,,,1235,403027,1400106,""
177,,,ふたつもり,二ッ森,,,1086,402606,1400704,"Ｈ26三角点標高改定"
178,,,こまがたけ,駒ヶ岳,,,1158,402446,1401504,"藤里駒ヶ岳（ふじさとこまがたけ）"
179,,,たしろだけ,田代岳,,,1178,402543,1402432,""
180,,,ぼうじゅうさん,房住山,,,409,400338,1401258,""
181,,,たいへいざん,太平山,,,1170,394749,1401838,"Ｈ26三角点標高改定"
182,,,だいぶつだけ,大仏岳,,,1167,394849,1403056,""
183,,,とうこうさん,東光山,,,594,392423,1400942,""
184,,,やしおやま,八塩山,,,713,391412,1401340,""
185,ちょうかいさん,鳥海山,しんざん,新山,,,2236,390557,1400256,"山名（よみ）訂正"
186,,,ひのとだけ,丁岳,,,1146,390155,1401310,""
187,こしきやま,甑山,おとここしきやま,男甑山,,,981,390043,1401838,""
188,かぶやま,加無山,おかぶやま,男加無山,,,997,390034,1401537,""
189,,,かんぷうざん,寒風山,,,355,395601,1395231,""
190,,,ほんざん,本山,,,715,395425,1394514,""
191,,,あずまねやま,東根山,,,928,393515,1410335,""
192,,,わがだけ,和賀岳,,,1439,393413,1404515,"Ｈ26三角点標高改定"
193,,,まひるだけ,真昼岳,,,1059,392652,1404036,"Ｈ26三角点標高改定"
194,,,くろもり,黒森,,,944,392054,1405206,"Ｈ22三角点標高改定"
195,,,やけいしだけ,焼石岳,,,1547,390949,1404944,"Ｈ23三角点標高改定"
196,,,くりこまやま,栗駒山,,,1626,385739,1404718,"須川岳（すかわだけ）　Ｈ26三角点標高改定"
197,,,たかまつだけ,高松岳,,,1348,385803,1403623,""
198,,,とらげさん,虎毛山,,,1433,385417,1403708,""
199,,,あらおだけ,荒雄岳,,,984,384959,1404130,""
200,,,かむろさん,神室山,,,1365,385408,1402932,""
201,,,ひうちだけ,火打岳,,,1238,385025,1402655,""
202,,,もくぞうやま,杢蔵山,,,1026,384722,1402405,"Ｈ21三角点標高改定"
203,,,かむろだけ,禿岳,こかぶらやま,小鏑山,1261,384839,1403542,"Ｈ23三角点標高改定"
204,,,ののだけやま,箟岳山,,,236,383357,1411043,""
205,,,おおたかもり,大高森,,,105,382026,1410909,"Ｈ15三角点改測"
206,,,おきなさん,翁山,,,1075,383903,1403241,"山名変更：Ｈ25関係自治体からの申請による"
207,,,やくらいさん,薬萊山,,,553,383432,1404219,""
208,,,ふながたやま,船形山,ごしょざん,御所山,1500,382720,1403712,""
209,,,いずみがたけ,泉ヶ岳,,,1175,382443,1404232,""
210,,,たいはくさん,太白山,,,321,381406,1404808,""
211,,,だいとうだけ,大東岳,,,1365,381808,1403125,"おおあずまだけ　Ｈ26三角点標高改定"
212,ざおうざん（ざおうさん）,蔵王山,くまのだけ,熊野岳,,,1841,380837,1402624,"山名変更：Ｈ30関係自治体からの申請による"
213,ざおうざん（ざおうさん）,蔵王山,かっただけ,刈田岳,,,1758,380740,1402653,"山名変更：Ｈ30関係自治体からの申請による"
214,ざおうざん（ざおうさん）,蔵王山,びょうぶだけ,屛風岳,,,1825,380545,1402834,"山名変更：Ｈ30関係自治体からの申請による"
215,ざおうざん（ざおうさん）,蔵王山,ふぼうさん,不忘山,ごぜんだけ,御前岳,1705,380432,1402844,"山名変更：Ｈ30関係自治体からの申請による"
216,,,あおそやま,青麻山,,,799,380505,1403627,""
217,,,くりこやま,栗子山,,,1217,375228,1401612,""
218,,,しのぶやま,信夫山,,,275,374615,1402742,""
219,,,にしあづまやま,西吾妻山,,,2035,374418,1400827,""
220,にしあづまやま,西吾妻山,にしだいてん,西大巓,,,1982,374402,1400740,""
221,にしあづまやま,西吾妻山,ひがしだいてん,東大巓,,,1928,374516,1401120,""
222,,,ひがしあづまやま,東吾妻山,,,1975,374242,1401349,""
223,ひがしあづまやま,東吾妻山,いっさいきょうざん,一切経山,,,1949,374407,1401440,""
224,ひがしあづまやま,東吾妻山,あづまこふじ,吾妻小富士,,,1707,374320,1401549,""
225,,,みのわやま,箕輪山,,,1728,373850,1401651,""
226,あだたらやま,安達太良山,てつざん,鉄山,,,1709,373759,1401659,"鉄山（くろがねやま）　Ｈ26三角点標高改定"
227,,,あだたらやま,安達太良山,,,1700,373716,1401716,""
228,,,ばんだいさん,磐梯山,,,1816,373604,1400420,"Ｈ22三角点再設置"
229,,,たかだてやま,高館山　,,,273,384547,1394451,"Ｈ23三角点再設置"
230,,,きんぼうざん,金峯山,,,471,384056,1394753,""
231,,,はぐろさん,羽黒山,,,414,384209,1395858,""
232,,,がっさん,月山,,,1984,383256,1400137,""
233,,,はやま,葉山,,,1462,383145,1401238,""
234,,,あつみだけ,温海岳,,,736,383712,1393751,""
235,,,まやさん,摩耶山,,,1020,383113,1394340,""
236,,,いとうだけ,以東岳,,,1772,382035,1395057,"Ｈ22三角点標高改定"
237,あさひだけ,朝日岳,おおあさひだけ,大朝日岳,,,1871,381538,1395520,"Ｈ22三角点標高改定"
238,,,いわいがめやま,祝瓶山　,,,1417,381151,1395247,""
239,,,わしがすやま,鷲ヶ巣山,,,1093,381319,1394008,""
240,,,しんぼだけ,新保岳,,,852,382140,1393039,""
241,,,しらたかやま,白鷹山,,,994,381322,1401023,""
242,,,えぶりさしだけ,朳差岳,,,1636,375633,1393632,""
243,,,きたまただけ,北股岳,,,2025,375248,1393819,""
244,,,いいでさん,飯豊山,,,2105,375117,1394226,""
245,,,だいにちだけ,大日岳,,,2128,374958,1393937,""
246,,,にのうじだけ,二王子岳,,,1420,375359,1392957,""
247,,,ごずさん,五頭山,,,912,374804,1392044,""
248,,,こうようざん,高陽山,,,1126,374345,1393859,"Ｈ26三角点標高改定"
249,,,いいもりさん,飯森山,,,1595,374850,1395532,"Ｈ26三角点標高改定"
250,,,りょうぜん,霊山,,,825,374608,1404115,"標高は東ノ物見を示す"
251,,,ひやま,日山,てんのうざん,天王山,1057,373235,1404101,""
252,,,かまくらだけ,鎌倉岳,,,967,372801,1404120,""
253,,,おおたきねやま,大滝根山,,,1192,372118,1404206,""
254,,,きっとやさん,屹兎屋山,,,875,371238,1405203,""
255,,,よもぎだだけ,蓬田岳,,,952,371557,1403205,""
256,,,さんだいみょうじんやま,三大明神山,,,706,370307,1404545,""
257,,,たつわれさん,竪破山,,,658,364239,1403344,"たてわれさん"
258,,,なんたいさん,男体山,,,654,364327,1402511,""
259,,,たかすずやま,高鈴山,,,623,363716,1403516,""
260,,,やみぞさん,八溝山,,,1022,365549,1401623,""
261,,,わがくにさん,吾国山,,,518,361919,1401204,""
262,,,かばさん,加波山,,,709,361756,1400837,""
263,,,つくばさん,筑波山,,,877,361331,1400624,""
264,,,さんぼんやりだけ,三本槍岳,,,1917,370901,1395741,""
265,なすだけ,那須岳,ちゃうすだけ,茶臼岳,,,1915,370729,1395747,""
266,,,おがたけ,男鹿岳,,,1777,370507,1394919,"おじかだけ"
267,,,おおさびやま,大佐飛山,,,1908,370349,1395040,""
268,たかはらやま,高原山,しゃかがだけ,釈迦ヶ岳,,,1795,365400,1394636,""
269,,,にょほうさん,女峰山,,,2483,364841,1393211,""
270,にょほうさん,女峰山,おおまなごさん,大真名子山,,,2376,364743,1393026,"Ｈ26三角点標高改定"
271,にょほうさん,女峰山,こまなごさん,小真名子山,,,2323,364826,1393039,""
272,,,たろうさん,太郎山,,,2368,364904,1392858,"Ｈ26三角点標高改定"
273,,,なんたいさん,男体山,,,2486,364554,1392927,"Ｈ15現地計測による標高改定"
274,,,しらねさん,白根山,,,2578,364755,1392233,"日光白根山（にっこうしらねさん）"
275,,,すかいさん,皇海山,,,2144,364124,1392013,"Ｈ26三角点標高改定"
276,,,こうしんざん,庚申山,,,1892,364023,1392140,""
277,,,けさまるやま,袈裟丸山,,,1961,363858,1391938,""
278,,,よこねやま,横根山,,,1373,363711,1393120,""
279,あかぎさん,赤城山,くろびさん,黒檜山,,,1828,363337,1391136,"赤城山（あかぎやま）"
280,あかぎさん,赤城山,じぞうだけ,地蔵岳,,,1674,363228,1391038,""
281,,,はかせやま,博士山,,,1482,372147,1394253,""
282,,,おのだけ,小野岳,,,1383,371933,1395312,"Ｈ26三角点標高改定"
283,ななつがたけ,七ヶ岳,いちばんだけ,一番岳,,,1636,370727,1393927,"　"
284,,,あらかいざん,荒海山,たろうだけ,太郎岳,1581,370210,1393837,""
285,,,たしろやま,田代山,,,1971,365828,1392842,""
286,,,たいしゃくざん,帝釈山,,,2060,365811,1392736,""
287,,,くろいわやま,黒岩山,,,2163,365432,1392337,""
288,,,きぬぬまやま,鬼怒沼山,,,2141,365258,1392218,""
289,,,あさひだけ,朝日岳,,,1624,371316,1392023,"会津朝日岳（あいづあさひだけ）"
290,,,まるやまだけ,丸山岳,,,1820,371022,1392005,""
291,,,こまがたけ,駒ヶ岳,,,2133,370251,1392113,"会津駒ヶ岳（あいづこまがたけ）"
292,,,ひらがたけ,平ヶ岳,,,2141,370007,1391015,""
293,,,けいづるやま,景鶴山,,,2004,365725,1391238,""
294,ひうちがたけ,燧ヶ岳,しばやすぐら,柴安嵓,,,2356,365718,1391707,""
295,,,しぶつさん,至仏山,,,2228,365413,1391024,""
296,,,ほたかやま,武尊山,,,2158,364819,1390757,"沖武尊山（おきほたかやま）"
297,,,みかぐらだけ,御神楽岳,,,1386,373119,1392533,""
298,,,あわがたけ,粟ヶ岳,,,1293,373319,1391119,""
299,,,やはずだけ,矢筈岳,,,1257,373045,1391558,""
300,,,すもんだけ,守門岳,,,1537,372352,1390812,""
301,,,あさくさだけ,浅草岳,,,1585,372037,1391401,""
302,,,けもうやま,毛猛山,,,1517,371524,1391031,""
303,,,みじょうがたけ,未丈ヶ岳,,,1553,371100,1391122,"山名変更：Ｈ19関係自治体からの申請による"
304,,,こまがたけ,駒ヶ岳,,,2003,370725,1390431,"越後駒ヶ岳（えちごこまがたけ）　魚沼駒ヶ岳（うおぬまこまがたけ）"
305,はっかいさん,八海山,にゅうどうだけ,入道岳,,,1778,370614,1390129,""
306,,,なかのだけ,中ノ岳,,,2085,370507,1390439,""
307,,,あらさわだけ,荒沢岳,,,1969,370602,1390853,""
308,,,しもつごうやま,下津川山,,,1928,365941,1390300,""
309,,,まきはたやま,巻機山,,,1967,365843,1385751,""
310,,,だいげんたさん,大源太山,,,1598,365409,1385537,""
311,,,あさひだけ,朝日岳,,,1945,365250,1385821,""
312,あさひだけ,朝日岳,しらがもん,白毛門,,,1720,365135,1385802,""
313,たにがわだけ,谷川岳,しげくらだけ,茂倉岳,,,1978,365057,1385500,""
314,たにがわだけ,谷川岳,いちのくらだけ,一ノ倉岳,,,1974,365050,1385528,""
315,たにがわだけ,谷川岳,おきのみみ,オキノ耳,,,1977,365014,1385548,""
316,,,まんたろうさん,万太郎山,,,1954,364927,1385245,""
317,,,せんのくらやま,仙ノ倉山,,,2026,364903,1385022,""
318,,,あづまやさん,吾妻耶山,,,1341,364447,1385538,""
319,,,なえばさん,苗場山,,,2145,365045,1384125,""
320,,,さぶりゅうやま,佐武流山,,,2192,364620,1384014,""
321,,,しらすなやま,白砂山,,,2140,364417,1384137,""
322,,,とりかぶとやま,鳥甲山,,,2038,365021,1383502,""
323,,,こうしゃさん,高社山,たかいふじ,高井富士,1351,364757,1382414,"たかやしろやま"
324,いわすげやま,岩菅山,うらいわすげやま,裏岩菅山,,,2341,364510,1383405,"いわすごやま＜うらいわすごやま＞"
325,,,いわすげやま,岩菅山,,,2295,364431,1383334,"いわすごやま"
326,,,しがやま,志賀山,,,2037,364201,1383057,""
327,,,かさがたけ,笠ヶ岳,,,2076,364036,1382853,""
328,,,よこてやま,横手山,,,2307,364008,1383133,""
329,,,しらねさん,白根山,,,2160,363838,1383140,"草津白根山（くさつしらねさん）"
330,,,もとしらねさん,本白根山,,,2171,363722,1383155,""
331,,,あずまやさん,四阿山,,,2354,363230,1382447,""
332,あずまやさん,四阿山,ねこだけ,根子岳,,,2207,363257,1382343,""
333,,,ゆのまるやま,湯ノ丸山,,,2101,362605,1382404,""
334,かごのとやま,篭ノ登山,ひがしかごのとやま,東篭ノ登山,,,2228,362510,1382650,"Ｈ26三角点標高改定"
335,,,あさまやま,浅間山,,,2568,362424,1383123,""
336,,,あさまかくしやま,浅間隠山,,,1757,362713,1383909,""
337,,,はなまがりやま,鼻曲山,,,1655,362439,1383844,""
338,はるなさん,榛名山,かもんがたけ,掃部ヶ岳,,,1449,362839,1385103,""
339,,,こもちやま,子持山,,,1296,363531,1385952,""
340,みょうぎさん,妙義山,そうまだけ,相馬岳,,,1104,361755,1384456,""
341,,,あらふねやま,荒船山,,,1423,361214,1383814,""
342,,,あかぐなやま,赤久縄山,,,1523,360837,1385036,"Ｈ26三角点標高改定"
343,みかぼやま,御荷鉾山,にしみかぼやま,西御荷鉾山,,,1287,360908,1385506,"Ｈ26三角点標高改定"
344,,,ふたごやま,二子山,,,1166,360411,1385149,""
345,,,りょうかみさん,両神山,,,1723,360124,1385029,""
346,,,おぐらさん,御座山,,,2112,360202,1383624,""
347,,,さんぽうやま,三宝山,,,2483,355503,1384340,""
348,,,こぶしがたけ,甲武信ヶ岳,,,2475,355432,1384344,""
349,,,よこおやま,横尾山,,,1818,355508,1383116,""
350,,,みずがきやま,瑞牆山,,,2230,355336,1383531,""
351,,,きんぷさん,金峰山,,,2599,355217,1383731,""
352,,,あさひだけ,朝日岳,,,2579,355228,1383833,""
353,,,こくしがたけ,国師ヶ岳,,,2592,355215,1384023,""
354,,,きたおくせんじょうだけ,北奥千丈岳,,,2601,355207,1384015,""
355,,,けんとくさん,乾徳山,,,2031,354923,1384254,""
356,,,こならやま,小楢山,,,1713,354654,1383951,""
357,,,かやがたけ,茅ヶ岳,,,1704,354742,1383050,""
358,,,どうだいらさん,堂平山,,,876,360021,1391124,""
359,,,ぶこうさん,武甲山,,,1304,355706,1390552,"Ｈ14現地計測による標高改定"
360,,,いずがたけ,伊豆ヶ岳,,,851,355537,1390938,""
361,,,かわのりやま,川乗山,,,1363,355103,1390625,"川苔山（かわのりやま）"
362,,,とりだにやま,酉谷山,,,1718,355350,1390037,"黒ドッケ（くろどっけ）"
363,,,くもとりやま,雲取山,,,2017,355120,1385638,""
364,,,はくせきさん,白石山,,,2036,355358,1385241,"しろいしやま　和名倉山（わなぐらやま）"
365,,,からまつおやま,唐松尾山,,,2109,355204,1385043,""
366,,,おおぼらやま,大洞山,ひりゅうやま,飛龍山,2077,355024,1385332,""
367,,,けいかんやま,鶏冠山,くろかわやま,黒川山,1716,354719,1385009,"黒川鶏冠山（くろかわけいかんざん）"
368,,,だいぼさつれい,大菩薩嶺,,,2057,354456,1385044,""
369,,,こがねざわやま,小金沢山,,,2014,354301,1385124,""
370,,,がんがはらすりやま,雁ケ腹摺山,,,1874,354113,1385306,""
371,,,ごんげんやま,権現山,,,1312,354004,1390117,""
372,ごんげんやま,権現山,おうぎやま,扇山,,,1138,353814,1390050,""
373,,,みとうさん,三頭山,,,1531,354421,1390050,""
374,,,おおだけさん,大岳山,,,1266,354555,1390749,""
375,,,じんばさん,陣馬山,じんばさん,陣場山,855,353908,1391000,""
376,,,たかおさん,高尾山,,,599,353731,1391437,""
377,きよすみやま,清澄山,みょうけんやま,妙見山,,,377,350945,1400908,""
378,,,かのうざん,鹿野山,,,379,351520,1395818,"標高は白鳥峰の標高を示す"
379,,,のこぎりやま,鋸山,,,329,350937,1395027,""
380,,,とみさん,富山,,,349,350556,1395253,"Ｈ26三角点標高改定"
381,,,いよがたけ,伊予ヶ岳,,,336,350626,1395450,"Ｈ23三角点改測"
382,,,あたごやま,愛宕山,,,408,350654,1395913,""
383,,,おおやま,大山,,,193,345751,1394640,"房ノ大山（ぼうのおおやま）　Ｈ26三角点標高改定"
384,,,おおぐすやま,大楠山,,,241,351500,1393741,""
385,,,おおやま,大山,,,1252,352627,1391353,""
386,たんざわさん,丹沢山,ひるがたけ,蛭ヶ岳,,,1673,352911,1390820,"たんざわやま"
387,,,たんざわさん,丹沢山,,,1567,352827,1390946,""
388,たんざわさん,丹沢山,とうのだけ,塔ノ岳,とうがたけ,塔ヶ岳,1491,352715,1390948,""
389,,,おおむろやま,大室山,,,1587,353039,1390407,"おおむれやま　Ｈ26三角点標高改定"
390,,,みしょうたいやま,御正体山,,,1681,352913,1385554,"Ｈ26三角点標高改定"
391,,,こもつるしやま,菰釣山,,,1379,352750,1385843,""
392,,,みつとうげやま,三ッ峠山,,,1785,353257,1384833,""
393,,,くろたけ,黒岳,,,1793,353307,1384458,"御坂黒岳（みさかくろたけ）"
394,くろたけ,黒岳,しゃかがたけ,釈迦ヶ岳,,,1641,353347,1384313,""
395,,,せっとうがたけ,節刀ヶ岳,,,1736,353143,1384100,"せっちょうがたけ"
396,ふじさん,富士山,けんがみね,剣ヶ峯,,,3776,352139,1384339,""
397,あしたかやま,愛鷹山,えちぜんだけ,越前岳,,,1504,351417,1384738,""
398,,,けなしやま,毛無山,,,1964,352457,1383238,""
399,,,てんしがたけ,天子ヶ岳,,,1330,351945,1383212,""
400,はこねやま,箱根山,かみやま,神山,,,1438,351400,1390115,""
401,はこねやま,箱根山,きんときざん,金時山,,,1212,351723,1390018,"Ｈ26三角点標高改定"
402,,,くろたけ,玄岳,,,798,350454,1390141,""
403,,,おおむろやま,大室山,,,580,345411,1390541,""
404,あまぎさん,天城山,ばんざぶろうだけ,万三郎岳,,,1406,345146,1390006,"Ｈ26三角点標高改定"
405,,,だるまやま,達磨山,,,982,345718,1385021,""
406,,,ちょうくろうやま,長九郎山,,,996,344718,1385205,""
407,みはらやま,三原山,みはらしんざん,三原新山,,,758,344328,1392340,"Ｈ18地形図更新に伴う標高改定"
408,,,みやつかやま,宮塚山,,,508,343113,1391645,""
409,,,てんじょうさん,天上山,,,572,341310,1390911,"Ｈ14三角点改測"
410,,,おやま,雄山,,,775,340537,1393134,"Ｈ16地形図更新に伴う標高改定"
411,,,おやま,御山,,,851,335228,1393607,""
412,,,にしやま,西山,はちじょうふじ,八丈富士,854,330813,1394558,""
413,,,いおうやま,硫黄山,,,394,302902,1401811,""
414,,,ちゅうおうざん,中央山,,,320,270424,1421307,""
415,,,ちぶさやま,乳房山,,,463,263934,1420941,""
416,,,さかきがみね,榊ヶ峰,,,792,252541,1411651,""
417,,,すりばちやま,摺鉢山,ぱいぷやま,パイプ山,172,244502,1411721,"R5写真測量による標高改定"
418,,,みなみいおうとう,南硫黄島,,,916,241402,1412748,""
419,,,きんぽくさん,金北山,,,1172,380614,1382059,""
420,,,おおじやま,大地山,,,646,375731,1382847,""
421,,,やひこやま,弥彦山,,,634,374217,1384832,""
422,,,よねやま,米山,,,993,371722,1382902,""
423,,,くろひめさん,黒姫山,,,891,371334,1383532,""
424,,,ひしがたけ,菱ヶ岳,,,1129,370156,1382936,""
425,,,まだらおやま,斑尾山,,,1382,365015,1381628,""
426,,,ほこがたけ,鉾ヶ岳,,,1316,370143,1380135,""
427,,,こまがたけ,駒ヶ岳,,,1498,365634,1375654,""
428,,,のこぎりだけ,鋸岳,,,1631,365555,1375808,""
429,,,やけやま,焼山,,,2400,365515,1380209,""
430,,,あまかざりやま,雨飾山,,,1963,365407,1375745,""
431,,,ひうちやま,火打山,,,2462,365522,1380405,""
432,,,みょうこうさん,妙高山,,,2454,365329,1380648,""
433,,,くろひめやま,黒姫山,,,2053,364848,1380738,""
434,,,たかつまやま,高妻山,,,2353,364800,1380307,""
435,,,とがくしやま,戸隠山,,,1904,364613,1380318,""
436,,,いいづなやま,飯縄山,いいづなやま,飯綱山,1917,364422,1380801,""
437,,,むしくらやま,虫倉山,,,1378,363859,1380109,"Ｈ27三角点「虫倉」は山体の一部崩落により廃点（標高は参考値）"
438,,,ひじりやま,聖山,,,1447,362903,1380117,""
439,,,かむりきやま,冠着山,おばすてやま,姨捨山,1252,362808,1380624,""
440,うつくしがはら,美ヶ原,おうがとう,王ヶ頭,,,2034,361333,1380627,""
441,,,はちぶせやま,鉢伏山,,,1929,360947,1380333,"Ｈ26三角点標高改定"
442,きりがみね,霧ヶ峰,くるまやま,車山,,,1925,360611,1381148,""
443,,,たてしなやま,蓼科山,,,2531,360613,1381742,"Ｈ26三角点標高改定"
444,,,よこだけ,横岳,,,2480,360515,1381912,""
445,,,しまがれやま,縞枯山,,,2403,360432,1381952,""
446,,,てんぐだけ,天狗岳,,,2646,360109,1382120,""
447,,,みねのまつめ,峰の松目,,,2568,355949,1382102,"Ｈ26三角点標高改定"
448,,,いおうだけ,硫黄岳,,,2760,355955,1382212,""
449,,,よこだけ,横岳,,,2830,355909,1382222,"Ｈ30現地計測による標高改定"
450,,,あかだけ,赤岳,,,2899,355815,1382212,""
451,,,あみだだけ,阿弥陀岳,,,2805,355820,1382132,""
452,,,ごんげんだけ,権現岳,,,2715,355659,1382135,""
453,ごんげんだけ,権現岳,にしだけ,西岳,,,2398,355700,1382006,""
454,ごんげんだけ,権現岳,みつがしら,三ッ頭,,,2580,355632,1382150,""
455,,,あみがさやま,編笠山,,,2524,355630,1382042,""
456,,,くろひめやま,黒姫山,,,1221,365836,1374724,"Ｈ26三角点標高改定"
457,,,みょうじょうさん,明星山,,,1188,365627,1374919,"Ｈ26三角点標高改定　山名（よみ）変更：Ｈ27関係自治体からの申請による"
458,,,いぬがだけ,犬ヶ岳,,,1592,365425,1374256,"Ｈ26三角点標高改定"
459,,,あさひだけ,朝日岳,,,2418,364936,1374348,""
460,,,ゆきくらだけ,雪倉岳,,,2611,364741,1374515,""
461,,,はちがたけ,鉢ヶ岳,,,2563,364649,1374458,""
462,,,これんげさん,小蓮華山,,,2766,364625,1374634,"大日岳（だいにちだけ）　Ｈ20現地計測による標高改定"
463,,,のりくらだけ,乗鞍岳,,,2469,364719,1374757,""
464,,,かざふきだけ,風吹岳,,,1888,364851,1375020,""
465,,,しろうまだけ,白馬岳,,,2932,364531,1374531,""
466,,,あさひだけ,旭岳,,,2867,364528,1374445,""
467,,,しょうずだけ,清水岳,,,2603,364553,1374308,""
468,,,しゃくしだけ,杓子岳,,,2812,364426,1374533,""
469,,,やりがたけ,鑓ヶ岳,,,2903,364353,1374519,"白馬鑓ヶ岳（しろうまやりがたけ）"
470,,,からまつだけ,唐松岳,,,2696,364114,1374517,""
471,,,ごりゅうだけ,五龍岳,,,2814,363930,1374510,""
472,,,かしまやりがたけ,鹿島槍ヶ岳,,,2889,363728,1374449,""
473,,,じいがたけ,爺ヶ岳,,,2670,363518,1374503,""
474,,,いわごやざわだけ,岩小屋沢岳,,,2630,363437,1374248,""
475,,,なるさわだけ,鳴沢岳,,,2641,363407,1374144,""
476,,,あかざわだけ,赤沢岳,,,2678,363343,1374115,""
477,,,すばりだけ,スバリ岳,,,2752,363239,1374106,""
478,,,はりのきだけ,針ノ木岳,,,2821,363217,1374104,""
479,,,れんげだけ,蓮華岳,,,2799,363209,1374238,""
480,,,きたくずだけ,北葛岳,,,2551,363103,1374220,""
481,,,ふどうだけ,不動岳,,,2601,362943,1374002,""
482,,,みなみさわだけ,南沢岳,,,2626,362924,1373911,"Ｈ26三角点標高改定"
483,,,えぼしだけ,烏帽子岳,,,2628,362846,1373903,""
484,,,みつだけ,三ッ岳,,,2845,362717,1373858,""
485,,,のぐちごろうだけ,野口五郎岳,,,2924,362558,1373816,""
486,,,みなみまさごだけ,南真砂岳,,,2713,362448,1373830,""
487,,,あかうしだけ,赤牛岳,,,2864,362742,1373612,""
488,,,すいしょうだけ,水晶岳,くろだけ,黒岳,2986,362535,1373610,""
489,,,じいだけ,祖父岳,,,2825,362440,1373528,""
490,,,わしばだけ,鷲羽岳,,,2924,362411,1373619,""
491,,,みつまたれんげだけ,三俣蓮華岳,,,2841,362324,1373516,""
492,,,そうがだけ,僧ヶ岳,,,1855,364542,1373349,""
493,,,けかつやま,毛勝山,,,2415,364204,1373527,"Ｈ26三角点標高改定"
494,,,ねこまたやま,猫又山,,,2378,364052,1373525,""
495,,,いけのだいらやま,池平山,,,2561,363828,1373733,""
496,,,つるぎだけ,剱岳,,,2999,363724,1373701,"Ｈ16現地計測による標高改定"
497,,,べっさん,別山,,,2880,363551,1373713,""
498,,,つるぎごぜん,剱御前,,,2777,363609,1373632,"つるがごぜん"
499,,,おくだいにちだけ,奥大日岳,,,2611,363554,1373451,""
500,,,だいにちだけ,大日岳,,,2501,363558,1373300,""
501,,,まさごだけ,真砂岳,,,2861,363512,1373712,""
502,たてやま,立山,おおなんじやま,大汝山,,,3015,363433,1373711,""
503,,,くにみだけ,国見岳,,,2621,363416,1373523,""
504,,,りゅうおうだけ,龍王岳,,,2872,363353,1373626,""
505,りゅうおうだけ,龍王岳,じょうどさん,浄土山,,,2831,363406,1373613,""
506,,,わしだけ,鷲岳,,,2617,363231,1373514,""
507,,,とんびやま,鳶山,,,2616,363203,1373509,""
508,,,えっちゅうざわだけ,越中沢岳,,,2592,363054,1373459,"Ｈ26三角点標高改定"
509,,,くわさきやま,鍬崎山,,,2090,363224,1372841,""
510,,,やくしだけ,薬師岳,,,2926,362808,1373241,""
511,,,きたのまただけ,北ノ俣岳,かみのだけ,上ノ岳,2662,362516,1373044,""
512,,,くろべごろうだけ,黒部五郎岳,なかのまただけ,中ノ俣岳,2840,362333,1373224,""
513,,,すごろくだけ,双六岳,,,2860,362219,1373514,""
514,,,もみさわだけ,樅沢岳,,,2755,362200,1373628,""
515,,,ゆみおりだけ,弓折岳,,,2592,362058,1373548,"ゆみおれだけ"
516,,,ぬけどだけ,抜戸岳,,,2813,361940,1373430,""
517,,,かさがたけ,笠ヶ岳,,,2898,361856,1373301,"Ｈ26三角点標高改定"
518,,,しゃくじょうだけ,錫杖岳,,,2168,361655,1373250,""
519,,,いおうだけ,硫黄岳,,,2554,362250,1373902,""
520,,,からさわだけ,唐沢岳,,,2633,362740,1374300,"Ｈ26三角点標高改定"
521,,,がきだけ,餓鬼岳,,,2647,362650,1374410,""
522,,,つばくろだけ,燕岳,,,2763,362425,1374246,""
523,,,ありあけやま,有明山,,,2268,362328,1374614,"ありあけさん"
524,,,だいてんじょうだけ,大天井岳,,,2922,362154,1374204,"おてんしょうだけ"
525,,,ひがしてんじょうだけ,東天井岳,,,2814,362112,1374256,""
526,,,よことおしだけ,横通岳,,,2767,362033,1374337,""
527,,,じょうねんだけ,常念岳,,,2857,361932,1374339,""
528,,,ちょうがたけ,蝶ヶ岳,,,2677,361715,1374334,""
529,,,おおたきやま,大滝山,,,2616,361627,1374436,""
530,,,あかいわだけ,赤岩岳,,,2769,362036,1374103,""
531,,,にしだけ,西岳,,,2758,362014,1374046,""
532,,,あかさわやま,赤沢山,,,2670,361945,1374047,""
533,,,やりがたけ,槍ヶ岳,,,3180,362031,1373851,""
534,,,おおばみだけ,大喰岳,,,3101,362009,1373845,""
535,,,なかだけ,中岳,,,3084,361947,1373848,"なかのだけ"
536,,,みなみだけ,南岳,,,3033,361908,1373903,""
537,,,きたほたかだけ,北穂高岳,,,3106,361809,1373907,""
538,,,からさわだけ,涸沢岳,,,3110,361745,1373849,""
539,,,おくほたかだけ,奥穂高岳,,,3190,361721,1373853,""
540,,,まえほたかだけ,前穂高岳,,,3090,361655,1373938,""
541,,,にしほたかだけ,西穂高岳,,,2909,361644,1373745,""
542,,,やけだけ,焼岳,,,2455,361337,1373513,""
543,,,かすみざわだけ,霞沢岳,,,2646,361316,1373826,""
544,,,じゅっこくやま,十石山,,,2525,360949,1373526,""
545,,,てらしやま,輝山,,,2063,361139,1373120,""
546,のりくらだけ,乗鞍岳,けんがみね,剣ヶ峰,,,3026,360623,1373313,""
547,,,かまがみね,鎌ヶ峰,,,2121,360136,1373557,""
548,,,はちもりやま,鉢盛山,,,2447,360512,1374517,"Ｈ26三角点標高改定"
549,おんたけさん,御嶽山,けんがみね,剣ヶ峰,,,3067,355334,1372849,""
550,,,こひでやま,小秀山,,,1982,354708,1372349,""
551,,,おくさんがいだけ,奥三界岳,,,1811,354054,1373026,"Ｈ26三角点標高改定"
552,,,おしろやま,尾城山,,,1133,354145,1372038,"おじろやま"
553,,,ふたつもりやま,二ッ森山,,,1223,353419,1372401,""
554,,,きょうがたけ,経ヶ岳,,,2296,355446,1375145,""
555,,,おおだないりやま,大棚入山,,,2375,355053,1374836,""
556,,,しょうぎがしらやま,将棊頭山,,,2730,354812,1374937,"しょうぎのかしらやま"
557,しょうぎがしらやま,将棊頭山,ちゃうすやま,茶臼山,,,2658,354853,1374918,""
558,,,こまがたけ,駒ヶ岳,,,2956,354722,1374816,"木曽駒ヶ岳（きそこまがたけ）　西駒ヶ岳（にしこまがたけ）"
559,こまがたけ,駒ヶ岳,ほうけんだけ,宝剣岳,,,2931,354653,1374833,""
560,こまがたけ,駒ヶ岳,むぎくさだけ,麦草岳,,,2733,354748,1374710,""
561,,,さんのさわだけ,三沢岳,,,2847,354600,1374739,"三ノ沢岳（さんのさわだけ）　Ｈ26三角点標高改定"
562,,,ひのきおだけ,檜尾岳,,,2728,354507,1374848,""
563,,,くまざわだけ,熊沢岳,,,2778,354421,1374812,""
564,,,ひがしかわだけ,東川岳,,,2671,354331,1374820,""
565,,,うつぎだけ,空木岳,,,2864,354308,1374902,""
566,,,みなみこまがたけ,南駒ヶ岳,,,2841,354205,1374839,""
567,みなみこまがたけ,南駒ヶ岳,あかなぎだけ,赤梛岳,,,2798,354222,1374856,""
568,,,せんがいれい,仙涯嶺,,,2734,354132,1374849,""
569,,,こすもやま,越百山,,,2614,354046,1374812,"Ｈ26三角点標高改定"
570,,,あんぺいじやま,安平路山,,,2363,353750,1374628,""
571,,,すりこぎやま,摺古木山,,,2169,353646,1374415,""
572,,,なぎそだけ,南木曽岳,,,1679,353533,1373839,""
573,,,かざこしやま,風越山,ごんげんやま,権現山,1535,353258,1374702,""
574,,,えなさん,恵那山,,,2191,352637,1373550,""
575,,,もりやさん,守屋山,,,1651,355803,1380536,"Ｈ26三角点標高改定"
576,,,にゅうがさやま,入笠山,,,1955,355347,1381018,""
577,,,のこぎりだけ,鋸岳,,,2685,354644,1381236,"山名変更：Ｈ2関係自治体からの申請による"
578,,,こまがたけ,駒ヶ岳,,,2967,354529,1381412,"甲斐駒ヶ岳（かいこまがたけ）　東駒ヶ岳（ひがしこまがたけ）"
579,,,こまつみね,駒津峰,,,2752,354517,1381351,""
580,,,ふたごやま,双児山,,,2649,354503,1381317,""
581,,,あさよみね,アサヨ峰,,,2799,354354,1381429,""
582,あさよみね,アサヨ峰,くりさわやま,栗沢山,,,2714,354417,1381403,""
583,,,たかみね,高嶺,,,2779,354235,1381716,"たかね"
584,,,じぞうがたけ,地蔵ヶ岳,,,2764,354244,1381755,""
585,,,かんのんがだけ,観音ヶ岳,,,2841,354206,1381817,"Ｈ26三角点標高改定　山名変更：Ｈ17関係自治体の申請による"
586,,,やくしがだけ,薬師ヶ岳,,,2780,354146,1381842,"山名変更：Ｈ17関係自治体の申請による"
587,,,つじやま,辻山,,,2585,354035,1381919,""
588,,,くしがたやま,櫛形山,,,2052,353512,1382209,""
589,,,せんじょうがたけ,仙丈ヶ岳,,,3033,354312,1381101,""
590,,,いなあらくらだけ,伊那荒倉岳,,,2519,354121,1381139,""
591,,,こたろうやま,小太郎山,,,2725,354203,1381424,""
592,,,きただけ,北岳,,,3193,354028,1381420,"Ｈ16現地計測による標高改定"
593,,,あいのだけ,間ノ岳,,,3190,353846,1381342,"Ｈ26三角点標高改定"
594,のうとりだけ,農鳥岳,にしのうとりだけ,西農鳥岳,,,3051,353729,1381349,""
595,,,のうとりだけ,農鳥岳,,,3026,353716,1381413,""
596,,,おおからまつやま,大唐松山,,,2561,353718,1381610,""
597,,,ひろごうちだけ,広河内岳,,,2895,353622,1381409,""
598,,,おおかごだけ,大籠岳,,,2767,353535,1381436,"おおごもりだけ"
599,,,ささやま,笹山,,,2733,353416,1381438,"黒河内岳（くろこうちだけ）"
600,,,くろべいやま,黒檜山,,,2541,353840,1381110,"Ｈ26三角点標高改定"
601,,,あべあらくらだけ,安倍荒倉岳,,,2693,353723,1381211,""
602,,,しんじゃぬけやま,新蛇抜山,,,2667,353626,1381219,""
603,,,きたあらかわだけ,北荒川岳,,,2698,353541,1381140,""
604,,,しおみだけ,塩見岳,,,3052,353423,1381101,"R2写真測量による標高改定"
605,,,こうもりだけ,蝙蝠岳,,,2865,353325,1381226,""
606,,,とくえもんだけ,徳右衛門岳,,,2599,353222,1381335,""
607,,,ほんたにやま,本谷山,,,2658,353415,1380906,""
608,,,とくらやま,戸倉山,いなふじ,伊那富士,1681,354442,1380307,""
609,,,えぼしだけ,烏帽子岳,,,2726,353313,1380913,""
610,,,こごうちだけ,小河内岳,,,2802,353216,1380911,""
611,,,こひかげやま,小日影山,,,2506,353131,1380735,"Ｈ26三角点標高改定"
612,,,おおひかげやま,大日影山,,,2573,353120,1380818,""
613,,,いたやだけ,板屋岳,,,2646,353105,1380846,""
614,,,ひがしだけ,東岳,わるさわだけ,悪沢岳,3141,353003,1381057,"あずまだけ　荒川東岳（あらかわひがしだけ）"
615,あらかわだけ,荒川岳,なかだけ,中岳,,,3084,352948,1381001,"Ｈ26三角点標高改定"
616,あらかわだけ,荒川岳,まえだけ,前岳,,,3068,352939,1380951,""
617,,,あかいしだけ,赤石岳,,,3121,352740,1380926,"Ｈ26三角点標高改定"
618,,,おくちゃうすやま,奥茶臼山,,,2474,352906,1380409,""
619,,,きめんざん,鬼面山,,,1890,352931,1375925,"Ｈ26三角点標高改定"
620,,,おおさわだけ,大沢岳,,,2820,352656,1380713,"Ｈ26三角点標高改定"
621,,,なかもりまるやま,中盛丸山,,,2807,352634,1380719,""
622,,,うさぎだけ,兎岳,,,2818,352543,1380716,""
623,ひじりだけ,聖岳,まえひじりだけ,前聖岳,,,3013,352522,1380823,""
624,,,かみこうちだけ,上河内岳,,,2803,352323,1380910,""
625,,,ちゃうすだけ,茶臼岳,,,2604,352209,1380826,""
626,,,にっただけ,仁田岳,,,2524,352139,1380738,""
627,,,てかりだけ,光岳,,,2592,352017,1380502,"Ｈ26三角点標高改定"
628,,,いけぐちだけ,池口岳,,,2392,351949,1380218,""
629,,,しらくらやま,白倉山,,,1851,351806,1375932,""
630,,,くまぶしやま,熊伏山,,,1654,351548,1375342,"Ｈ26三角点標高改定"
631,,,だいむげんざん,大無間山,,,2330,351522,1380942,"だいむけんざん　Ｈ26三角点標高改定"
632,,,ふどうがたけ,不動岳,,,2172,351408,1380228,"Ｈ26三角点標高改定"
633,,,くろぼうしがたけ,黒法師岳,,,2068,351146,1380146,"Ｈ26三角点標高改定"
634,,,そばつぶやま,蕎麦粒山,,,1627,350734,1380207,""
635,,,たかつかやま,高塚山,,,1621,350656,1380013,""
636,,,きょうまるやま,京丸山,,,1470,350546,1375757,"Ｈ26三角点標高改定"
637,,,あきはさん,秋葉山,,,885,345854,1375158,""
638,,,はっこうさん,八高山,,,832,345427,1380324,""
639,,,ざるがたけ,笊ヶ岳,,,2629,352527,1381534,""
640,,,ぬのびきやま,布引山,,,2584,352431,1381530,"千挺木山（せんちょうぎやま）"
641,,,あおなぎやま,青薙山,,,2406,352211,1381343,""
642,,,みのぶさん,身延山,,,1153,352351,1382459,""
643,,,しちめんざん,七面山,,,1989,352210,1382056,""
644,,,やんぶし,山伏,,,2013,351816,1381707,"Ｈ22三角点改測"
645,,,じゅうまいざん,十枚山,,,1726,351513,1382241,""
646,,,しのいさん,篠井山,,,1394,351452,1382535,""
647,,,たかどっきょう,高ドッキョウ,,,1133,351043,1382617,"Ｈ26三角点標高改定"
648,,,りゅうそうざん,竜爪山,,,1051,350518,1382413,""
649,,,くのうざん,久能山,,,216,345758,1382805,""
650,,,ちゃうすやま,茶臼山,,,1416,351339,1373920,"Ｈ26三角点標高改定"
651,,,たかのすやま,鷹ノ巣山,,,1153,350909,1372942,"Ｈ26三角点標高改定　山名変更：Ｈ17関係自治体からの申請による"
652,,,ほうらいじさん,鳳来寺山,,,695,345903,1373458,""
653,,,ほんぐうさん,本宮山,,,789,345435,1372514,""
654,,,さなげやま,猿投山,,,629,351221,1371001,""
655,,,きんかざん,金華山,,,329,352600,1364653,""
656,,,ほうりゅうざん,宝立山,,,471,372543,1370945,""
657,,,はちぶせやま,鉢伏山,,,544,372240,1365815,""
658,,,せきどうさん,石動山,,,564,365756,1365815,""
659,,,ほうだつさん,宝達山,,,637,364655,1364847,""
660,,,ふたがみやま,二上山,,,274,364724,1370055,""
661,,,うしだけ,牛岳,,,987,363228,1370154,""
662,,,しらきみね,白木峰,,,1596,362456,1370644,""
663,,,こんごうどうざん,金剛堂山,,,1650,362244,1370256,""
664,,,にんぎょうやま,人形山,,,1726,362056,1365623,""
665,,,みつがつじやま,三ヶ辻山,,,1764,362017,1365700,""
666,,,さるがばばやま,猿ヶ馬場山,,,1875,361333,1365634,"さるがばんばやま"
667,,,ごぜんだけ,御前岳,,,1816,361153,1365737,""
668,,,おおあまみやま,大雨見山,,,1336,361512,1371755,""
669,,,くらいやま,位山,,,1529,360218,1371148,""
670,,,かおれだけ,川上岳,,,1625,360030,1370858,"Ｈ26三角点標高改定"
671,,,わしがたけ,鷲ヶ岳,,,1671,355625,1365817,"Ｈ20三角点標高改定"
672,,,やおとめやま,八乙女山,,,756,363226,1365859,""
673,,,たかしょうずやま,高清水山,,,1145,362838,1365634,""
674,いおうぜん,医王山,おくいおうぜん,奥医王山,,,939,363046,1364746,"山頂名追加：Ｈ5関係自治体からの申請による"
675,,,くちさんぼうだけ,口三方岳,,,1269,362224,1364256,""
676,,,たかさぶろうやま,高三郎山,,,1445,362216,1364625,""
677,,,だいもんざん,大門山,,,1572,362155,1364813,""
678,,,おおがさやま,大笠山,,,1822,361914,1364723,""
679,,,おいずるがだけ,笈ヶ岳,,,1841,361755,1364732,""
680,,,さんぽういわだけ,三方岩岳,,,1736,361529,1365040,""
681,,,さんぽうくずれやま,三方崩山,,,2059,361044,1365137,""
682,,,ななくらやま,七倉山,,,2557,361016,1364531,""
683,はくさん,白山,ごぜんがみね,御前峰,,,2702,360918,1364617,""
684,,,はくさんしゃかだけ,白山釈迦岳,,,2053,360908,1364408,""
685,,,べっさん,別山,,,2399,360620,1364557,""
686,,,がんきょうじやま,願教寺山,,,1691,360325,1364423,""
687,,,のぶせがだけ,野伏ヶ岳,,,1674,360046,1364357,""
688,,,だいにちがたけ,大日ヶ岳,,,1709,360005,1365016,""
689,,,あかうさぎやま,赤兎山,,,1629,360403,1363943,"あかとやま"
690,,,きょうがだけ,経ヶ岳,,,1625,360247,1363719,""
691,,,わっそうがたけ,鷲走ヶ岳,,,1097,361557,1363656,""
692,,,だいにちざん,大日山,,,1368,360943,1362935,""
693,,,ふじしゃがだけ,富士写ヶ岳,,,942,361119,1362150,""
694,,,じょうほうじやま,浄法寺山,,,1053,360730,1362334,""
695,,,くにみだけ,国見岳,,,656,360445,1360502,""
696,,,ひのさん,日野山,,,794,355133,1361227,""
697,,,へこさん,部子山,,,1464,355310,1362621,""
698,,,あらしまだけ,荒島岳,,,1523,355603,1363605,""
699,,,へいけがだけ,平家岳,,,1442,354836,1364308,""
700,,,こうがさん,高賀山,,,1224,354019,1365133,""
701,,,びょうぶざん,屛風山,,,1354,354749,1363736,""
702,,,うばがたけ,姥ヶ岳,,,1454,354834,1363021,""
703,,,のうごうはくさん,能郷白山,ごんげんさん,権現山,1617,354545,1363051,""
704,,,かんむりやま,冠山,,,1257,354647,1362434,""
705,,,さんしゅうがたけ,三周ヶ岳,,,1292,354101,1361800,""
706,,,かなくそだけ,金糞岳,,,1317,353300,1362014,""
707,,,いぶきやま,伊吹山,,,1377,352504,1362423,""
708,,,りょうぜんざん,霊仙山,,,1094,351645,1362253,""
709,,,しょうがだけ,笙ヶ岳,,,908,351701,1363040,""
710,,,ようろうさん,養老山,,,859,351547,1363124,""
711,,,おいけだけ,御池岳,,,1247,351043,1362454,""
712,,,りゅうがだけ,竜ヶ岳,,,1099,350710,1362643,"Ｈ21三角点標高改定"
713,,,ございしょやま,御在所山,,,1212,350114,1362504,""
714,,,あまごいだけ,雨乞岳,,,1238,350116,1362303,""
715,,,たかはたやま,高畑山,,,773,345323,1361915,""
716,,,れいさん,霊山,,,766,344902,1361538,"Ｈ26三角点標高改定"
717,,,きょうがみね,経が峰,,,819,344559,1362228,""
718,,,かさとりやま,笠取山,,,842,344403,1361748,""
719,,,ぶながだけ,武奈ヶ岳,,,1214,351553,1355349,"自治体からの申請による"
720,,,みなこやま,皆子山,,,971,351208,1355007,"Ｈ26三角点標高改定"
721,,,ほうらいさん,蓬莱山,,,1174,351234,1355309,""
722,ひえいざん,比叡山,だいひえい,大比叡,,,848,350357,1355004,""
723,,,おとわやま,音羽山,,,593,345837,1355111,""
724,,,みかみやま,三上山,,,432,350302,1360216,""
725,,,じゅうぶざん,鷲峰山,,,682,344950,1355430,""
726,,,かさぎやま,笠置山,,,324,344507,1355702,""
727,,,わかくさやま,若草山,みかさやま,三笠山,342,344128,1355116,""
728,,,みわやま,三輪山,,,467,343206,1355201,""
729,,,みみなしやま,耳成山,,,139,343053,1354819,"Ｈ13三角点改測"
730,,,あまのかぐやま,天香久山,,,152,342945,1354906,""
731,,,うねびやま,畝傍山,,,199,342933,1354705,""
732,,,いこまやま,生駒山,,,642,344042,1354044,""
733,,,しぎさん,信貴山,,,437,343646,1354006,""
734,にじょうさん,二上山,おだけ,雄岳,,,517,343133,1354039,""
735,,,かつらぎさん,葛城山,,,959,342722,1354056,""
736,,,こんごうざん,金剛山,,,1125,342510,1354023,""
737,,,いわわきさん,岩湧山,,,897,342227,1353304,""
738,,,かつらぎさん,葛城山,,,858,342053,1352604,""
739,,,そせきざん,俎石山,,,420,341830,1351228,""
740,,,ほっさかさん,堀坂山,,,757,343248,1362558,""
741,,,あまがだけ,尼ケ岳,,,957,343327,1361311,"Ｈ21三角点標高改定"
742,,,くろそやま,倶留尊山,,,1037,343151,1361013,"Ｈ21三角点標高改定"
743,,,つぼねがだけ,局ヶ岳,,,1029,342738,1361937,""
744,,,みうねやま,三峰山,,,1235,342655,1361223,""
745,,,たかみやま,高見山,,,1248,342543,1360518,""
746,,,りゅうもんがだけ,竜門岳,,,904,342626,1355352,"竜門山（りゅうもんざん）"
747,,,あさまがたけ,朝熊ヶ岳,,,555,342740,1364653,""
748,,,ななほらがたけ,七洞岳,,,778,342223,1363057,""
749,,,まよいだけ,迷岳,,,1309,342100,1361227,""
750,,,くにみやま,国見山,,,1419,342233,1360512,""
751,,,いけごややま,池木屋山,,,1396,341858,1360746,""
752,,,しらひげだけ,白鬚岳,,,1378,341735,1360249,""
753,おおだいがはらざん,大台ヶ原山,ひのでがたけ,日出ヶ岳,,,1695,341107,1360633,"おおだいがはらやま＜ひでがたけ＞"
754,,,さんじょうがたけ,山上ヶ岳,,,1719,341509,1355628,""
755,,,だいふげんだけ,大普賢岳,,,1780,341340,1355746,""
756,,,みせん,弥山,,,1895,341048,1355434,""
757,,,はっきょうがだけ,八経ヶ岳,,,1915,341025,1355427,"山名変更：Ｈ18関係自治体からの申請による"
758,,,ぶっしょうがだけ,仏生嶽,,,1805,340804,1355447,""
759,,,しゃかがだけ,釈迦ヶ岳,,,1800,340652,1355411,""
760,,,ねはんだけ,涅槃岳,,,1376,340330,1355349,""
761,,,かさすてやま,笠捨山,,,1353,335858,1355354,"Ｈ21三角点標高改定"
762,,,たまきやま,玉置山,,,1077,335536,1354954,"Ｈ21三角点標高改定"
763,,,たかみねさん,高峰山,,,1045,340155,1360850,""
764,,,ねのとまりやま,子ノ泊山,,,907,334740,1355550,""
765,,,りゅうもんざん,龍門山,,,756,341417,1352441,""
766,,,おいしがみね,生石ヶ峰,,,870,340618,1352003,""
767,,,しらまやま,白馬山,,,957,340057,1352220,""
768,,,おばこだけ,伯母子岳,,,1344,340439,1353903,""
769,,,ごまだんざん,護摩壇山,,,1372,340327,1353401,"ごまだんやま"
770,,,うしまわしやま,牛廻山,,,1207,335656,1353753,""
771,,,ひやみずやま,冷水山,,,1262,335357,1353910,""
772,,,おおとうざん,大塔山,,,1122,334337,1354250,""
773,,,ほうしやま,法師山,,,1121,334333,1353955,"Ｈ17三角点改測"
774,なちさん,那智山,えぼしやま,烏帽子山,,,910,334146,1355403,"Ｈ21三角点標高改定"
775,,,ぜんじのもりやま,善司ノ森山,,,591,333537,1353249,""
776,,,のさかだけ,野坂岳,,,913,353523,1360129,"Ｈ26三角点標高改定"
777,,,くもだにやま,雲谷山,,,786,353328,1355642,"Ｈ26三角点標高改定"
778,,,くすやがだけ,久須夜ヶ岳,,,619,353327,1354401,""
779,,,ひゃくりがだけ,百里ヶ岳,,,931,352330,1354836,""
780,,,はんせいざん,飯盛山,,,584,352707,1353936,""
781,,,あおばやま,青葉山,,,693,353018,1352902,""
782,,,とうきんざん,頭巾山,,,871,352239,1353204,"ときんやま"
783,,,ちょうろうがだけ,長老ヶ岳,,,917,351812,1352826,""
784,,,さじきがだけ,桟敷ヶ岳,,,896,350933,1354302,""
785,,,あたごやま,愛宕山,,,924,350337,1353803,""
786,,,ぽんぽんやま,ポンポン山,,,679,345607,1353726,""
787,,,みょうけんさん,妙見山,,,660,345544,1352802,""
788,,,うたがきやま,歌垣山,,,553,345827,1352836,""
789,,,けんびさん,剣尾山,,,784,350013,1352414,""
790,,,みたけ,三嶽,,,793,350738,1351442,""
791,,,しらがだけ,白髪岳,,,722,350246,1350805,""
792,,,たいこやま,太鼓山,,,683,354143,1351215,""
793,,,いさなごさん,磯砂山,,,661,353255,1350217,""
794,,,おおえやま,大江山,せんじょうがたけ,千丈ヶ嶽,832,352712,1350624,"Ｈ26三角点標高改定"
795,,,ひがしとこのおさん,東床尾山,,,839,352519,1345457,""
796,,,くるひだけ,来日岳,,,567,353643,1344708,""
797,,,ろっこうさん,六甲山,,,931,344641,1351549,""
798,,,まやさん,摩耶山,,,702,344359,1351215,""
799,,,みょうけんやま,妙見山,,,522,342950,1345636,""
800,,,ゆづるはさん,諭鶴羽山,,,608,341406,1344851,""
801,,,あわがやま,粟鹿山,,,962,351622,1345456,""
802,,,せんがみね,千ヶ峰,,,1005,350841,1345302,""
803,,,かさがたやま,笠形山,,,939,350351,1345005,""
804,,,くとやま,久斗山,,,650,353716,1343346,""
805,,,そぶがたけ,蘇武岳,,,1074,352815,1343817,""
806,,,みょうけんやま,妙見山,,,1139,352438,1343838,""
807,,,ふじなしやま,藤無山,,,1139,351600,1343602,""
808,,,だんがみね,段ヶ峰,,,1103,351130,1344339,""
809,,,せっぴこさん,雪彦山,,,915,350422,1343904,""
810,,,おうぎのせん,扇ノ山,,,1310,352623,1342627,""
811,,,はちぶせやま,鉢伏山,,,1222,352343,1343211,"Ｈ19三角点再設置"
812,,,ひょうのせん,氷ノ山,すがのせん,須賀ノ山,1510,352114,1343050,""
813,,,みむろやま,三室山,,,1358,351412,1342746,""
814,,,とうせん,東山,,,1388,351732,1342259,""
815,,,おきのやま,沖ノ山,,,1318,351453,1342124,""
816,,,うしろやま,後山,,,1344,351113,1342440,"Ｈ26三角点標高改定"
817,,,なぎさん,那岐山,,,1255,351018,1341049,"Ｈ13現地測量による標高改定"
818,,,しょしゃざん,書写山,,,371,345334,1343923,""
819,,,しらはたやま,白旗山,,,440,345430,1342251,""
820,,,はっとうじさん,八塔寺山,,,538,345523,1341508,"Ｈ26三角点標高改定"
821,,,かなやま,金山,,,499,344441,1335627,"Ｈ26三角点標高改定"
822,,,おおひらやま,大平山,,,698,345356,1334225,""
823,,,だいまんじさん,大満寺山,,,608,361524,1331950,""
824,,,たくひやま,焼火山,,,452,360429,1330155,""
825,,,あさひやま,朝日山,,,344,353028,1325835,""
826,,,はなたかせん,鼻高山,,,536,352445,1324510,""
827,,,たかはちやま,高鉢山,,,1203,352137,1340304,""
828,,,はなちがせん,花知ヶ仙,,,1247,351534,1335830,""
829,,,つぐろせん,津黒山,,,1118,351507,1334854,"つぐろやま"
830,ひるぜん,蒜山,かみひるぜん,上蒜山,,,1202,351930,1333948,""
831,,,やはずがせん,矢筈ヶ山,,,1358,352312,1333451,"Ｈ12三角点改測"
832,だいせん,大山,けんがみね,剣ヶ峰,,,1729,352216,1333246,"＜弥山＞の標高は1709m"
833,,,からすがせん,烏ヶ山,,,1448,352121,1333413,""
834,,,けなしがせん,毛無山,,,1219,351408,1333053,"Ｈ26三角点標高改定"
835,,,ほうぶつざん,宝仏山,,,1005,351347,1332813,""
836,,,ほしやま,星山,,,1030,350831,1334038,""
837,,,はなみやま,花見山,,,1188,350909,1332404,""
838,,,おおくらやま,大倉山,,,1112,350801,1332119,""
839,,,せんつうざん,船通山,,,1142,350921,1331043,""
840,,,どうごやま,道後山,,,1271,350410,1331358,""
841,ひばやま,比婆山,たてえぼしやま,立烏帽子山,,,1299,350306,1330356,"比婆山の最高峰"
842,ひばやま,比婆山,えぼしやま,烏帽子山,,,1225,350412,1330308,""
843,,,さるまさやま,猿政山,,,1268,350453,1325804,""
844,,,おおよろぎやま,大万木山,,,1218,350515,1325116,""
845,,,ことびきさん,琴引山,みせん,弥山,1013,350253,1324657,""
846,さんべさん,三瓶山,おさんべさん,男三瓶山,,,1126,350826,1323718,""
847,,,おおえたかやま,大江高山,,,808,350350,1322543,""
848,,,ほしのこやま,星居山,,,834,344453,1331318,"Ｈ18三角点標高改測"
849,,,だけやま,岳山,,,741,343856,1330924,""
850,,,りゅうおうさん,龍王山,,,665,342721,1330500,""
851,,,たかのすざん,鷹ノ巣山,,,922,343358,1324446,""
852,,,しらきやま,白木山,,,889,343117,1323432,""
853,,,ごさそうざん,呉娑々宇山,,,682,342522,1323252,""
854,,,のろさん,野呂山,ぜんだなやま,膳棚山,839,341544,1323958,""
855,,,かんざん,冠山,,,863,345503,1323007,"こうぶりやま"
856,,,あさやま,阿佐山,,,1218,344709,1322253,""
857,,,てんぐいしやま,天狗石山,,,1192,344732,1322034,""
858,,,うんげつやま,雲月山,,,911,344808,1321420,""
859,,,おおさやま,大佐山,,,1069,344452,1321205,""
860,,,がりゅうざん,臥龍山,,,1223,344124,1321148,"苅尾山（かりおさん）"
861,,,しんにゅうざん,深入山,,,1153,343900,1321224,""
862,,,おそらかんざん,恐羅漢山,,,1346,343544,1320747,""
863,,,じっぽうざん,十方山,,,1328,343355,1320832,""
864,,,おおみねやま,大峯山,,,1050,342457,1321301,""
865,,,かんむりやま,冠山,,,1339,342807,1320434,""
866,,,じゃくちさん,寂地山,,,1337,342802,1320316,""
867,,,あぞうじやま,安蔵寺山,,,1263,342838,1315802,""
868,,,こごろうさん,小五郎山,,,1162,342501,1320031,""
869,,,らかんざん,羅漢山,,,1109,342120,1320402,""
870,,,すずのおおたにやま,鈴ノ大谷山,,,1036,342236,1315021,""
871,,,へいけがだけ,平家ヶ岳,,,1066,341906,1315359,""
872,,,ばふんがだけ,馬糞ヶ岳,,,985,341502,1315347,""
873,,,あざみがだけ,莇ヶ岳,,,1004,341957,1314640,""
874,,,あおのやま,青野山,,,907,342744,1314753,"Ｈ26三角点標高改定"
875,,,とくさがみね,十種ヶ峰,,,989,342618,1314143,""
876,,,こうやま,高山,,,533,343908,1313648,""
877,,,にしほうべんざん,西鳳翩山,,,742,341239,1312434,""
878,,,おおひらやま,大平山,,,631,340424,1313749,""
879,,,かつらぎさん,桂木山,,,702,341819,1311810,""
880,,,はなおやま,花尾山,,,669,341702,1311316,""
881,,,てんじょうがだけ,天井ヶ岳,,,691,341840,1310234,""
882,,,くるそんざん,狗留孫山,おだけ,御岳,616,341253,1305835,""
883,,,りゅうおうざん,竜王山,,,614,340406,1305609,""
884,けんそざん,嶮岨山,ほしがじょうやま,星ヶ城山,,,816,343055,1341903,"Ｈ26三角点標高改定"
885,,,くまがみね,熊ヶ峰,,,438,342600,1332206,""
886,,,わしがとうざん,鷲ヶ頭山,,,436,341421,1330117,"Ｈ26三角点標高改定"
887,,,みせん,弥山,,,535,341646,1321910,"Ｈ17現地計測による標高改定"
888,,,おおざさん,皇座山,,,526,335111,1320832,"Ｈ26三角点標高改定"
889,,,ごけんざん,五剣山,やくりやま,八栗山,375,342140,1340829,""
890,,,おおひらやま,大平山,,,479,341947,1335709,""
891,,,いいのやま,飯野山,さぬきふじ,讃岐富士,422,341628,1335045,""
892,ぞうずさん,象頭山,おおさやま,大麻山,,,616,341148,1334719,""
893,,,やはずやま,矢筈山,,,789,341139,1341148,""
894,,,おおたきやま,大滝山,,,946,340724,1340737,""
895,,,りゅうおうざん,竜王山,,,1060,340656,1340254,""
896,,,だいせんざん,大川山,,,1043,340655,1335623,""
897,,,うんぺんじさん,雲辺寺山,,,927,340207,1334323,""
898,,,ひがしさんぽうがもり,東三方ヶ森,,,1233,335410,1325735,""
899,,,たかなわさん,高縄山,,,986,335645,1325100,""
900,,,びざん,眉山,,,290,340340,1343059,""
901,,,なかつみねやま,中津峰山,,,773,335745,1343034,""
902,,,たいりゅうじやま,太竜寺山,,,618,335227,1343111,""
903,,,こうつざん,高越山,,,1133,340102,1341145,""
904,,,くもそうやま,雲早山,,,1496,335421,1341741,""
905,,,やつらやま,八面山,,,1312,335524,1340559,""
906,,,つるぎさん,剣山,,,1955,335113,1340539,""
907,つるぎさん,剣山,まるざさやま,丸笹山,,,1712,335227,1340524,""
908,,,とうのまる,塔丸,,,1713,335201,1340221,""
909,,,やはずさん,矢筈山,,,1849,335530,1335830,"Ｈ21三角点改測"
910,,,なかつざん,中津山,,,1447,335529,1335039,""
911,,,くにみざん,国見山,,,1409,335427,1334705,""
912,,,てんぐづか,天狗塚,,,1812,334937,1335636,""
913,,,みうね,三嶺,,,1894,335022,1335916,"さんれい　Ｈ26三角点標高改定"
914,,,しらがやま,白髪山,,,1770,334836,1335935,""
915,,,いしたてざん,石立山,,,1708,334705,1340318,""
916,,,かじがもり,梶ヶ森,,,1400,334533,1334505,""
917,,,じんきちもり,甚吉森,,,1423,334141,1340636,""
918,,,てんぐもり,天狗森,,,1296,333708,1340404,"Ｈ26三角点標高改定"
919,,,かねがりゅうもり,鐘ヶ龍森,,,1126,333249,1340455,""
920,,,くいしやま,工石山,,,1516,335120,1333448,"奥工石山（おくくいしやま）"
921,,,しらがやま,白髪山,,,1469,334858,1333527,"Ｈ26三角点標高改定"
922,,,いなむらやま,稲叢山,,,1506,334449,1332133,""
923,,,くいしやま,工石山,,,1177,334011,1333022,""
924,,,あかぼしやま,赤星山,,,1453,335510,1332729,""
925,,,ひがしあかいしやま,東赤石山,,,1710,335231,1332226,"R3写真測量による標高改定"
926,,,ささがみね,笹ヶ峰,,,1860,334941,1331629,"Ｈ26三角点標高改定"
927,,,いよふじ,伊予富士,,,1756,334717,1331453,""
928,,,かめがもり,瓶ヶ森,,,1897,334741,1331136,"Ｈ26三角点標高改定"
929,いしづちさん,石鎚山,てんぐだけ,天狗岳,,,1982,334604,1330654,""
930,,,にのもり,二ノ森,,,1930,334531,1330538,"Ｈ22三角点標高改測"
931,,,つつじょうざん,筒上山,,,1860,334355,1330940,"Ｈ26三角点標高改定"
932,,,いしずみさん,石墨山,,,1456,334402,1325905,""
933,,,しょうじやま,障子山,,,885,334219,1324555,""
934,,,つぼがみやま,壺神山,,,971,333620,1323317,""
935,,,いずしやま,出石山,,,812,333206,1322755,""
936,,,かんなんざん,神南山,,,710,333103,1323758,""
937,,,ございしょざん,御在所山,,,915,332038,1324521,""
938,,,かさとりやま,笠取山,,,1562,333320,1325521,""
939,,,なかつさん,中津山,みょうじんさん,明神山,1541,333432,1330248,""
940,,,いらずやま,不入山,,,1336,332627,1330347,""
941,,,ばんだがもり,蟠蛇森,,,770,332628,1331534,"Ｈ26三角点標高改定"
942,,,すずがもり,鈴ヶ森,,,1054,332123,1330304,""
943,,,ございしょのみね,五在所ノ峯,,,658,331038,1330903,""
944,,,どうがもり,堂が森,,,857,330936,1325236,""
945,,,たかつきやま,高月山,,,1229,331231,1323805,""
946,,,さんぼんぐい,三本杭,,,1226,331118,1323807,""
947,,,ささやま,篠山,,,1065,330321,1323933,""
948,,,いまのやま,今ノ山,,,868,325127,1325101,""
949,,,あだちやま,足立山,きりがたけ,霧ヶ岳,598,335134,1305502,""
950,,,ぬきさん,貫山,,,712,334650,1305434,""
951,,,ふくちやま,福智山,,,901,334432,1304814,""
952,,,いぬがたけ,犬ヶ岳,,,1131,333044,1310006,"カメノオ"
953,,,ひこさん,英彦山,,,1199,332834,1305534,"Ｈ26三角点標高改定"
954,,,うまみやま,馬見山,,,978,332911,1304604,""
955,,,いぬなきやま,犬鳴山,くまがしろ,熊ヶ城,584,334114,1303257,"いんなきやま"
956,,,さんぐんざん,三郡山,,,936,333320,1303502,""
957,,,きざん,基山,,,404,332634,1303037,""
958,,,せふりさん,脊振山,,,1055,332611,1302207,""
959,,,うきだけ,浮嶽,,,805,332812,1300557,""
960,,,てんざん,天山,,,1046,332020,1300834,""
961,,,ふたごさん,両子山,,,720,333459,1313606,""
962,,,かならせやま,鹿嵐山,,,758,332605,1311510,""
963,,,つるみだけ,鶴見岳,,,1375,331712,1312547,""
964,,,ゆふだけ,由布岳,ぶんごふじ,豊後富士,1583,331656,1312325,""
965,,,はねやま,万年山,,,1140,331353,1310750,""
966,,,わいたざん,涌蓋山,,,1500,330824,1310952,""
967,くじゅうれんざん,くじゅう連山,なかだけ,中岳,,,1791,330509,1311456,""
968,くじゅうれんざん,くじゅう連山,くろだけ,黒岳,,,1587,330620,1311734,""
969,くじゅうれんざん,くじゅう連山,たいせんざん,大船山,,,1786,330542,1311650,""
970,くじゅうれんざん,くじゅう連山,みまたやま,三俣山,,,1744,330614,1311447,"Ｈ24三角点改測"
971,くじゅうれんざん,くじゅう連山,ほっしょうざん,星生山,,,1762,330527,1311357,""
972,くじゅうれんざん,くじゅう連山,くじゅうさん,久住山,,,1787,330456,1311427,""
973,あそさん,阿蘇山,たかだけ,高岳,,,1592,325304,1310614,""
974,あそさん,阿蘇山,ねこだけ,根子岳,ねこだけ,猫岳,1433,325301,1310840,""
975,あそさん,阿蘇山,なかだけ,中岳,,,1506,325301,1310549,""
976,あそさん,阿蘇山,きしまだけ,杵島岳,,,1326,325333,1310329,""
977,あそさん,阿蘇山,えぼしだけ,烏帽子岳,,,1337,325225,1310329,""
978,,,たかとりやま,鷹取山,,,802,331811,1304322,""
979,,,しゃかだけ,釈迦岳,,,1231,331115,1305321,""
980,,,しゅてんどうじやま,酒呑童子山,,,1181,330549,1305430,""
981,,,くにみやま,国見山,,,1018,330620,1304903,""
982,,,つつがたけ,筒ヶ岳,,,501,325905,1303139,""
983,,,きんぼうざん,金峰山,,,665,324851,1303820,""
984,,,くろかみざん,黒髪山,,,516,331250,1295408,""
985,,,くにみやま,国見山,,,776,331413,1294846,""
986,,,こくぞうざん,虚空蔵山,,,609,330526,1295517,""
987,たらだけ,多良岳,きょうがだけ,経ヶ岳,,,1076,325915,1300435,""
988,,,たらだけ,多良岳,,,996,325832,1300534,""
989,たらだけ,多良岳,ごかはらだけ,五家原岳,,,1057,325729,1300436,""
990,うんぜんだけ,雲仙岳,ふげんだけ,普賢岳,,,1359,324536,1301732,""
991,うんぜんだけ,雲仙岳,へいせいしんざん,平成新山,,,1483,324541,1301756,"山頂名追加：Ｈ8関係自治体からの申請による"
992,,,ながうらだけ,長浦岳,,,561,325449,1294441,""
993,,,はちろうだけ,八郎岳,,,590,324013,1295123,""
994,みたけ,御岳,おだけ,雄岳,,,479,343419,1292254,""
995,,,しらたけ,白嶽,,,518,341551,1291459,""
996,,,ありあけやま,有明山,,,558,341216,1291554,""
997,,,やたてやま,矢立山,,,648,341039,1291334,"Ｈ28三角点標高改定"
998,,,さんのうざん,山王山,おだけ,雄嶽,439,325600,1290311,""
999,,,ててがたけ,父ヶ岳,,,460,324154,1284052,"Ｈ17三角点改測"
1000,,,はいだてさん,佩楯山,,,754,325711,1313845,""
1001,,,かたむきやま,傾山,,,1605,325020,1312833,"Ｈ16現地計測による標高改定"
1002,,,おおくえやま,大崩山,,,1644,324416,1313047,"Ｈ16現地計測による標高改定"
1003,,,むかばきやま,行縢山,,,830,323733,1313420,""
1004,,,そぼさん,祖母山,,,1756,324941,1312049,""
1005,,,ふるそぼさん,古祖母山,,,1633,324810,1312152,""
1006,,,もろつかやま,諸塚山,,,1342,323805,1311715,""
1007,,,むこうざかやま,向坂山,,,1685,323447,1310618,"Ｈ14三角点改測"
1008,,,くにみだけ,国見岳,,,1739,323250,1310106,"大国見（おおくるみ）"
1009,,,かみふくねやま,上福根山,,,1646,322824,1305649,"Ｈ26三角点標高改定"
1010,,,えしろやま,江代山,つのだけ,津野岳,1607,322214,1310434,""
1011,,,いちふさやま,市房山,,,1721,321842,1310604,""
1012,,,いしどうやま,石堂山,,,1547,321801,1311004,""
1013,,,おすずやま,尾鈴山,,,1405,321757,1312536,""
1014,,,のけえぼしやま,仰烏帽子山,,,1302,322217,1304640,"のげぼしやま"
1015,,,しらがだけ,白髪岳,,,1417,320901,1305636,""
1016,,,くにみやま,国見山,,,969,321116,1303651,""
1017,,,やはずだけ,矢筈岳,,,687,320722,1302402,""
1018,,,しびさん,紫尾山,じょうぐさん,上宮山,1067,315851,1302203,""
1019,,,わにつかやま,鰐塚山,,,1118,314608,1311610,""
1020,きりしまやま,霧島山,からくにだけ,韓国岳,,,1700,315603,1305142,""
1021,きりしまやま,霧島山,しんもえだけ,新燃岳,,,1421,315434,1305311,""
1022,きりしまやま,霧島山,たかちほのみね,高千穂峰,,,1574,315311,1305508,"Ｈ26三角点標高改定"
1023,たかくまやま,高隈山,おおのがらだけ,大箆柄岳,,,1236,312910,1304907,""
1024,たかくまやま,高隈山,おんたけ,御岳,,,1182,312737,1304914,""
1025,,,ほよしだけ,甫与志岳,,,967,311551,1305924,""
1026,,,いなおだけ,稲尾岳,,,930,310724,1305305,""
1027,,,おんたけ,御岳,きただけ,北岳,1117,313533,1303924,""
1028,,,やえやま,八重山,,,677,314404,1302654,""
1029,,,かんむりだけ,冠岳,にしだけ,西岳,516,314455,1301952,""
1030,,,くまがたけ,熊ヶ岳,,,590,312719,1302750,""
1031,,,きんぽうざん,金峯山,,,636,312804,1302259,""
1032,,,のまだけ,野間岳,,,591,312416,1300930,""
1033,,,かいもんだけ,開聞岳,,,924,311048,1303142,""
1034,,,くらだけ,倉岳,,,682,322540,1301937,""
1035,,,かどやま,角山,,,526,322358,1300538,""
1036,,,おたけ,尾岳,,,604,314323,1294422,""
1037,,,あまめがくら,天女ヶ倉,,,238,304437,1310312,""
1038,,,いおうだけ,硫黄岳,,,704,304735,1301819,""
1039,,,やぐらだけ,櫓岳,,,620,304942,1295615,"Ｈ27三角点改測"
1040,,,ふるだけ,古岳,,,657,302636,1301302,""
1041,,,みやのうらだけ,宮之浦岳,,,1936,302010,1303015,""
1042,,,ながただけ,永田岳,,,1886,302034,1302933,""
1043,,,もっちょむだけ,モッチョム岳,,,940,301524,1303351,"本冨岳（もっちょむだけ）"
1044,,,まえだけ,前岳,,,628,295805,1295532,""
1045,,,おんたけ,御岳,,,979,295133,1295125,""
1046,,,おたけ,御岳,,,497,295411,1293230,""
1047,,,おたけ,御岳,,,796,293818,1294250,"Ｈ20地形図更新に伴う標高改定"
1048,,,みたけ,御岳,,,584,292754,1293541,""
1049,,,いまきらだけ,イマキラ岳,,,292,290840,1291229,""
1050,,,よこあてじま,横当島,,,495,284803,1285941,""
1051,,,ゆわんだけ,湯湾岳,,,694,281746,1291916,""
1052,,,いのかわだけ,井之川岳,,,645,274643,1285859,""
1053,,,おおやま,大山,,,240,272209,1283400,""
1054,,,よなはだけ,与那覇岳,,,503,264301,1281307,""
1055,,,やえだけ,八重岳,,,453,263808,1275542,"Ｈ19三角点標高改定"
1056,,,おんなだけ,恩納岳,,,363,262846,1275229,""
1057,,,おもとだけ,於茂登岳,,,526,242538,1241100,""
1058,,,こみだけ,古見岳,,,469,242133,1235328,""
1059,,,うらぶだけ,宇良部岳,,,231,242710,1230020,""
